"company","programme","type","area","intake","locations","status","closing_date","checked","integration","official_sources","application_links","notes_en","notes_pt"
"EY","Actuarial Graduate Programme","graduate","Consulting","September 2027","Birmingham; Bristol; Edinburgh; Leeds; London","employer_application_link_present","","2026-10-06","candidate_addition","https://ukstudents.ey.com/","Birmingham: https://eycareers.ambertrack.global/earlycareers2027/CandidateLogin.aspx?LAYER1=Graduate&LAYER2=Consulting&LAYER3=Actuarial&LAYER4=Birmingham&LAYER5=September+2027&cookieCheck=true | Bristol: https://eycareers.ambertrack.global/earlycareers2027/CandidateLogin.aspx?LAYER1=Graduate&LAYER2=Consulting&LAYER3=Actuarial&LAYER4=Bristol&LAYER5=September+2027&cookieCheck=true | Edinburgh: https://eycareers.ambertrack.global/earlycareers2027/CandidateLogin.aspx?LAYER1=Graduate&LAYER2=Consulting&LAYER3=Actuarial&LAYER4=Edinburgh&LAYER5=September+2027&cookieCheck=true | Leeds: https://eycareers.ambertrack.global/earlycareers2027/CandidateLogin.aspx?LAYER1=Graduate&LAYER2=Consulting&LAYER3=Actuarial&LAYER4=Leeds&LAYER5=September+2027&cookieCheck=true | London: https://eycareers.ambertrack.global/earlycareers2027/CandidateLogin.aspx?LAYER1=Graduate&LAYER2=Consulting&LAYER3=Actuarial&LAYER4=London&LAYER5=September+2027&cookieCheck=true","Official UK listing provides an application link. Check the selected city, eligibility and available places before applying.","A listagem oficial no Reino Unido apresenta um link de candidatura. Confirma a cidade, a elegibilidade e as vagas disponíveis antes de te candidatares."
"EY","Analytics & AI - Deal Analytics Graduate Programme","graduate","EY-Parthenon","September 2027","Birmingham","employer_application_link_present","","2026-10-06","candidate_addition","https://ukstudents.ey.com/","Birmingham: https://eycareers.ambertrack.global/earlycareers2027/CandidateLogin.aspx?LAYER1=Graduate&LAYER2=EY-Parthenon&LAYER3=Analytics+%26amp%3B+AI+-+Deal+Analytics&LAYER4=Birmingham&LAYER5=September+2027&cookieCheck=true","Official UK listing provides an application link. Check the selected city, eligibility and available places before applying.","A listagem oficial no Reino Unido apresenta um link de candidatura. Confirma a cidade, a elegibilidade e as vagas disponíveis antes de te candidatares."
"EY","Audit Graduate Programme","graduate","Assurance","April 2027","London","employer_application_link_present","","2026-10-06","candidate_addition","https://ukstudents.ey.com/","London: https://eycareers.ambertrack.global/earlycareers2027/CandidateLogin.aspx?LAYER1=Graduate&LAYER2=Assurance&LAYER3=Audit&LAYER4=London&LAYER5=April+2027&cookieCheck=true","Official UK listing provides an application link. Check the selected city, eligibility and available places before applying.","A listagem oficial no Reino Unido apresenta um link de candidatura. Confirma a cidade, a elegibilidade e as vagas disponíveis antes de te candidatares."
"EY","Audit Graduate Programme","graduate","Assurance","September 2027","Belfast; Derry/Londonderry; Aberdeen; Birmingham; Bristol; Cambridge; Edinburgh; Glasgow; Liverpool; London; Luton; Manchester; Newcastle; Reading; Southampton","employer_application_link_present","","2026-10-06","candidate_addition","https://ukstudents.ey.com/ | https://ukstudents.ey.com/page/2/?paged=2","Belfast: https://eycareers.ambertrack.global/earlycareers2027/CandidateLogin.aspx?LAYER1=Graduate&LAYER2=Assurance&LAYER3=Audit&LAYER4=Belfast&LAYER5=September+2027&cookieCheck=true | Derry/Londonderry: https://eycareers.ambertrack.global/earlycareers2027/CandidateLogin.aspx?LAYER1=Graduate&LAYER2=Assurance&LAYER3=Audit&LAYER4=Derry%2FLondonderry&LAYER5=September+2027&cookieCheck=true | Aberdeen: https://eycareers.ambertrack.global/earlycareers2027/CandidateLogin.aspx?LAYER1=Graduate&LAYER2=Assurance&LAYER3=Audit&LAYER4=Aberdeen&LAYER5=September+2027&cookieCheck=true | Birmingham: https://eycareers.ambertrack.global/earlycareers2027/CandidateLogin.aspx?LAYER1=Graduate&LAYER2=Assurance&LAYER3=Audit&LAYER4=Birmingham&LAYER5=September+2027&cookieCheck=true | Bristol: https://eycareers.ambertrack.global/earlycareers2027/CandidateLogin.aspx?LAYER1=Graduate&LAYER2=Assurance&LAYER3=Audit&LAYER4=Bristol&LAYER5=September+2027&cookieCheck=true | Cambridge: https://eycareers.ambertrack.global/earlycareers2027/CandidateLogin.aspx?LAYER1=Graduate&LAYER2=Assurance&LAYER3=Audit&LAYER4=Cambridge&LAYER5=September+2027&cookieCheck=true | Edinburgh: https://eycareers.ambertrack.global/earlycareers2027/CandidateLogin.aspx?LAYER1=Graduate&LAYER2=Assurance&LAYER3=Audit&LAYER4=Edinburgh&LAYER5=September+2027&cookieCheck=true | Glasgow: https://eycareers.ambertrack.global/earlycareers2027/CandidateLogin.aspx?LAYER1=Graduate&LAYER2=Assurance&LAYER3=Audit&LAYER4=Glasgow&LAYER5=September+2027&cookieCheck=true | Liverpool: https://eycareers.ambertrack.global/earlycareers2027/CandidateLogin.aspx?LAYER1=Graduate&LAYER2=Assurance&LAYER3=Audit&LAYER4=Liverpool&LAYER5=September+2027&cookieCheck=true | London: https://eycareers.ambertrack.global/earlycareers2027/CandidateLogin.aspx?LAYER1=Graduate&LAYER2=Assurance&LAYER3=Audit&LAYER4=London&LAYER5=September+2027&cookieCheck=true | Luton: https://eycareers.ambertrack.global/earlycareers2027/CandidateLogin.aspx?LAYER1=Graduate&LAYER2=Assurance&LAYER3=Audit&LAYER4=Luton&LAYER5=September+2027&cookieCheck=true | Manchester: https://eycareers.ambertrack.global/earlycareers2027/CandidateLogin.aspx?LAYER1=Graduate&LAYER2=Assurance&LAYER3=Audit&LAYER4=Manchester&LAYER5=September+2027&cookieCheck=true | Newcastle: https://eycareers.ambertrack.global/earlycareers2027/CandidateLogin.aspx?LAYER1=Graduate&LAYER2=Assurance&LAYER3=Audit&LAYER4=Newcastle&LAYER5=September+2027&cookieCheck=true | Reading: https://eycareers.ambertrack.global/earlycareers2027/CandidateLogin.aspx?LAYER1=Graduate&LAYER2=Assurance&LAYER3=Audit&LAYER4=Reading&LAYER5=September+2027&cookieCheck=true | Southampton: https://eycareers.ambertrack.global/earlycareers2027/CandidateLogin.aspx?LAYER1=Graduate&LAYER2=Assurance&LAYER3=Audit&LAYER4=Southampton&LAYER5=September+2027&cookieCheck=true","Official UK listing provides an application link. Check the selected city, eligibility and available places before applying.","A listagem oficial no Reino Unido apresenta um link de candidatura. Confirma a cidade, a elegibilidade e as vagas disponíveis antes de te candidatares."
"EY","Business Consulting Graduate Programme","graduate","Consulting","September 2027","Belfast; London; Manchester","employer_application_link_present","","2026-10-06","candidate_addition","https://ukstudents.ey.com/page/3/?paged=3","Belfast: https://eycareers.ambertrack.global/earlycareers2027/CandidateLogin.aspx?LAYER1=Graduate&LAYER2=Consulting&LAYER3=Business+Consulting&LAYER4=Belfast&LAYER5=September+2027&cookieCheck=true | London: https://eycareers.ambertrack.global/earlycareers2027/CandidateLogin.aspx?LAYER1=Graduate&LAYER2=Consulting&LAYER3=Business+Consulting&LAYER4=London&LAYER5=September+2027&cookieCheck=true | Manchester: https://eycareers.ambertrack.global/earlycareers2027/CandidateLogin.aspx?LAYER1=Graduate&LAYER2=Consulting&LAYER3=Business+Consulting&LAYER4=Manchester&LAYER5=September+2027&cookieCheck=true","Official UK listing provides an application link. Check the selected city, eligibility and available places before applying.","A listagem oficial no Reino Unido apresenta um link de candidatura. Confirma a cidade, a elegibilidade e as vagas disponíveis antes de te candidatares."
"EY","Capital & Debt Advisory Graduate Programme","graduate","EY-Parthenon","September 2027","London","employer_application_link_present","","2026-10-06","candidate_addition","https://ukstudents.ey.com/page/3/?paged=3","London: https://eycareers.ambertrack.global/earlycareers2027/CandidateLogin.aspx?LAYER1=Graduate&LAYER2=EY-Parthenon&LAYER3=Capital+%26amp%3B+Debt+Advisory&LAYER4=London&LAYER5=September+2027&cookieCheck=true","Official UK listing provides an application link. Check the selected city, eligibility and available places before applying.","A listagem oficial no Reino Unido apresenta um link de candidatura. Confirma a cidade, a elegibilidade e as vagas disponíveis antes de te candidatares."
"EY","Decision Modelling Graduate Programme","graduate","EY-Parthenon","September 2027","London","employer_application_link_present","","2026-10-06","candidate_addition","https://ukstudents.ey.com/page/4/?paged=4","London: https://eycareers.ambertrack.global/earlycareers2027/CandidateLogin.aspx?LAYER1=Graduate&LAYER2=EY-Parthenon&LAYER3=Decision+Modelling&LAYER4=London&LAYER5=September+2027&cookieCheck=true","Official UK listing provides an application link. Check the selected city, eligibility and available places before applying.","A listagem oficial no Reino Unido apresenta um link de candidatura. Confirma a cidade, a elegibilidade e as vagas disponíveis antes de te candidatares."
"EY","Economic Advisory Graduate Programme","graduate","EY-Parthenon","September 2027","London","employer_application_link_present","","2026-10-06","candidate_addition","https://ukstudents.ey.com/page/5/?paged=5","London: https://eycareers.ambertrack.global/earlycareers2027/CandidateLogin.aspx?LAYER1=Graduate&LAYER2=EY-Parthenon&LAYER3=Economic+Advisory&LAYER4=London&LAYER5=September+2027&cookieCheck=true","Official UK listing provides an application link. Check the selected city, eligibility and available places before applying.","A listagem oficial no Reino Unido apresenta um link de candidatura. Confirma a cidade, a elegibilidade e as vagas disponíveis antes de te candidatares."
"EY","Extended Assurance Graduate Programme","graduate","Assurance","September 2027","London","employer_application_link_present","","2026-10-06","candidate_addition","https://ukstudents.ey.com/page/5/?paged=5","London: https://eycareers.ambertrack.global/earlycareers2027/CandidateLogin.aspx?LAYER1=Graduate&LAYER2=Assurance&LAYER3=Extended+Assurance&LAYER4=London&LAYER5=September+2027&cookieCheck=true","Official UK listing provides an application link. Check the selected city, eligibility and available places before applying.","A listagem oficial no Reino Unido apresenta um link de candidatura. Confirma a cidade, a elegibilidade e as vagas disponíveis antes de te candidatares."
"EY","Finance Operations Graduate Programme","graduate","Tax","September 2027","Belfast","employer_application_link_present","","2026-10-06","candidate_addition","https://ukstudents.ey.com/page/5/?paged=5","Belfast: https://eycareers.ambertrack.global/earlycareers2027/CandidateLogin.aspx?LAYER1=Graduate&LAYER2=Tax&LAYER3=Finance+Operations&LAYER4=Belfast&LAYER5=September+2027&cookieCheck=true","Official UK listing provides an application link. Check the selected city, eligibility and available places before applying.","A listagem oficial no Reino Unido apresenta um link de candidatura. Confirma a cidade, a elegibilidade e as vagas disponíveis antes de te candidatares."
"EY","Financial Restructuring Graduate Programme","graduate","EY-Parthenon","September 2027","London","employer_application_link_present","","2026-10-06","candidate_addition","https://ukstudents.ey.com/page/5/?paged=5","London: https://eycareers.ambertrack.global/earlycareers2027/CandidateLogin.aspx?LAYER1=Graduate&LAYER2=EY-Parthenon&LAYER3=Financial+Restructuring&LAYER4=London&LAYER5=September+2027&cookieCheck=true","Official UK listing provides an application link. Check the selected city, eligibility and available places before applying.","A listagem oficial no Reino Unido apresenta um link de candidatura. Confirma a cidade, a elegibilidade e as vagas disponíveis antes de te candidatares."
"EY","Forensic Services Graduate Programme","graduate","Assurance","September 2027","London","employer_application_link_present","","2026-10-06","candidate_addition","https://ukstudents.ey.com/page/6/?paged=6","London: https://eycareers.ambertrack.global/earlycareers2027/CandidateLogin.aspx?LAYER1=Graduate&LAYER2=Assurance&LAYER3=Forensic+Services&LAYER4=London&LAYER5=September+2027&cookieCheck=true","Official UK listing provides an application link. Check the selected city, eligibility and available places before applying.","A listagem oficial no Reino Unido apresenta um link de candidatura. Confirma a cidade, a elegibilidade e as vagas disponíveis antes de te candidatares."
"EY","Global Compliance & Reporting Graduate Programme","graduate","Tax","September 2027","Belfast","employer_application_link_present","","2026-10-06","candidate_addition","https://ukstudents.ey.com/page/6/?paged=6","Belfast: https://eycareers.ambertrack.global/earlycareers2027/CandidateLogin.aspx?LAYER1=Graduate&LAYER2=Tax&LAYER3=Global+Compliance+%26amp%3B+Reporting&LAYER4=Belfast&LAYER5=September+2027&cookieCheck=true","Official UK listing provides an application link. Check the selected city, eligibility and available places before applying.","A listagem oficial no Reino Unido apresenta um link de candidatura. Confirma a cidade, a elegibilidade e as vagas disponíveis antes de te candidatares."
"EY","Infrastructure Advisory Graduate Programme","graduate","EY-Parthenon","September 2027","Bristol; Glasgow; London; Manchester","employer_application_link_present","","2026-10-06","candidate_addition","https://ukstudents.ey.com/page/6/?paged=6","Bristol: https://eycareers.ambertrack.global/earlycareers2027/CandidateLogin.aspx?LAYER1=Graduate&LAYER2=EY-Parthenon&LAYER3=Infrastructure+Advisory&LAYER4=Bristol&LAYER5=September+2027&cookieCheck=true | Glasgow: https://eycareers.ambertrack.global/earlycareers2027/CandidateLogin.aspx?LAYER1=Graduate&LAYER2=EY-Parthenon&LAYER3=Infrastructure+Advisory&LAYER4=Glasgow&LAYER5=September+2027&cookieCheck=true | London: https://eycareers.ambertrack.global/earlycareers2027/CandidateLogin.aspx?LAYER1=Graduate&LAYER2=EY-Parthenon&LAYER3=Infrastructure+Advisory&LAYER4=London&LAYER5=September+2027&cookieCheck=true | Manchester: https://eycareers.ambertrack.global/earlycareers2027/CandidateLogin.aspx?LAYER1=Graduate&LAYER2=EY-Parthenon&LAYER3=Infrastructure+Advisory&LAYER4=Manchester&LAYER5=September+2027&cookieCheck=true","Official UK listing provides an application link. Check the selected city, eligibility and available places before applying.","A listagem oficial no Reino Unido apresenta um link de candidatura. Confirma a cidade, a elegibilidade e as vagas disponíveis antes de te candidatares."
"EY","Operational Research Graduate Programme","graduate","EY-Parthenon","September 2027","London","employer_application_link_present","","2026-10-06","candidate_addition","https://ukstudents.ey.com/page/6/?paged=6","London: https://eycareers.ambertrack.global/earlycareers2027/CandidateLogin.aspx?LAYER1=Graduate&LAYER2=EY-Parthenon&LAYER3=Operational+Research&LAYER4=London&LAYER5=September+2027&cookieCheck=true","Official UK listing provides an application link. Check the selected city, eligibility and available places before applying.","A listagem oficial no Reino Unido apresenta um link de candidatura. Confirma a cidade, a elegibilidade e as vagas disponíveis antes de te candidatares."
"EY","Operations Graduate Programme","graduate","EY-Parthenon","September 2027","Belfast; London","employer_application_link_present","","2026-10-06","candidate_addition","https://ukstudents.ey.com/page/6/?paged=6","Belfast: https://eycareers.ambertrack.global/earlycareers2027/CandidateLogin.aspx?LAYER1=Graduate&LAYER2=EY-Parthenon&LAYER3=Operations&LAYER4=Belfast&LAYER5=September+2027&cookieCheck=true | London: https://eycareers.ambertrack.global/earlycareers2027/CandidateLogin.aspx?LAYER1=Graduate&LAYER2=EY-Parthenon&LAYER3=Operations&LAYER4=London&LAYER5=September+2027&cookieCheck=true","Official UK listing provides an application link. Check the selected city, eligibility and available places before applying.","A listagem oficial no Reino Unido apresenta um link de candidatura. Confirma a cidade, a elegibilidade e as vagas disponíveis antes de te candidatares."
"EY","People Advisory Services - Integrated Workforce Mobility Graduate Programme","graduate","Tax","September 2027","London","employer_application_link_present","","2026-10-06","candidate_addition","https://ukstudents.ey.com/page/6/?paged=6","London: https://eycareers.ambertrack.global/earlycareers2027/CandidateLogin.aspx?LAYER1=Graduate&LAYER2=Tax&LAYER3=People+Advisory+Services+-+Integrated+Workforce+Mobility&LAYER4=London&LAYER5=September+2027&cookieCheck=true","Official UK listing provides an application link. Check the selected city, eligibility and available places before applying.","A listagem oficial no Reino Unido apresenta um link de candidatura. Confirma a cidade, a elegibilidade e as vagas disponíveis antes de te candidatares."
"EY","People Consulting Graduate Programme","graduate","Consulting","September 2027","Belfast; London; Manchester","employer_application_link_present","","2026-10-06","candidate_addition","https://ukstudents.ey.com/page/7/?paged=7","Belfast: https://eycareers.ambertrack.global/earlycareers2027/CandidateLogin.aspx?LAYER1=Graduate&LAYER2=Consulting&LAYER3=People+Consulting&LAYER4=Belfast&LAYER5=September+2027&cookieCheck=true | London: https://eycareers.ambertrack.global/earlycareers2027/CandidateLogin.aspx?LAYER1=Graduate&LAYER2=Consulting&LAYER3=People+Consulting&LAYER4=London&LAYER5=September+2027&cookieCheck=true | Manchester: https://eycareers.ambertrack.global/earlycareers2027/CandidateLogin.aspx?LAYER1=Graduate&LAYER2=Consulting&LAYER3=People+Consulting&LAYER4=Manchester&LAYER5=September+2027&cookieCheck=true","Official UK listing provides an application link. Check the selected city, eligibility and available places before applying.","A listagem oficial no Reino Unido apresenta um link de candidatura. Confirma a cidade, a elegibilidade e as vagas disponíveis antes de te candidatares."
"EY","Risk Consulting Graduate Programme","graduate","Consulting","September 2027","Belfast; Derry/Londonderry; Edinburgh; London; Manchester","employer_application_link_present","","2026-10-06","candidate_addition","https://ukstudents.ey.com/page/7/?paged=7","Belfast: https://eycareers.ambertrack.global/earlycareers2027/CandidateLogin.aspx?LAYER1=Graduate&LAYER2=Consulting&LAYER3=Risk+Consulting&LAYER4=Belfast&LAYER5=September+2027&cookieCheck=true | Derry/Londonderry: https://eycareers.ambertrack.global/earlycareers2027/CandidateLogin.aspx?LAYER1=Graduate&LAYER2=Consulting&LAYER3=Risk+Consulting&LAYER4=Derry%2FLondonderry&LAYER5=September+2027&cookieCheck=true | Edinburgh: https://eycareers.ambertrack.global/earlycareers2027/CandidateLogin.aspx?LAYER1=Graduate&LAYER2=Consulting&LAYER3=Risk+Consulting&LAYER4=Edinburgh&LAYER5=September+2027&cookieCheck=true | London: https://eycareers.ambertrack.global/earlycareers2027/CandidateLogin.aspx?LAYER1=Graduate&LAYER2=Consulting&LAYER3=Risk+Consulting&LAYER4=London&LAYER5=September+2027&cookieCheck=true | Manchester: https://eycareers.ambertrack.global/earlycareers2027/CandidateLogin.aspx?LAYER1=Graduate&LAYER2=Consulting&LAYER3=Risk+Consulting&LAYER4=Manchester&LAYER5=September+2027&cookieCheck=true","Official UK listing provides an application link. Check the selected city, eligibility and available places before applying.","A listagem oficial no Reino Unido apresenta um link de candidatura. Confirma a cidade, a elegibilidade e as vagas disponíveis antes de te candidatares."
"EY","Strategy (Financial Services) Graduate Programme","graduate","EY-Parthenon","September 2027","London","employer_application_link_present","","2026-10-06","candidate_addition","https://ukstudents.ey.com/page/7/?paged=7","London: https://eycareers.ambertrack.global/earlycareers2027/CandidateLogin.aspx?LAYER1=Graduate&LAYER2=EY-Parthenon&LAYER3=Strategy+%28Financial+Services%29&LAYER4=London&LAYER5=September+2027&cookieCheck=true","Official UK listing provides an application link. Check the selected city, eligibility and available places before applying.","A listagem oficial no Reino Unido apresenta um link de candidatura. Confirma a cidade, a elegibilidade e as vagas disponíveis antes de te candidatares."
"EY","Strategy (Public and Private) Graduate Programme","graduate","EY-Parthenon","September 2027","London","employer_application_link_present","","2026-10-06","candidate_addition","https://ukstudents.ey.com/page/7/?paged=7","London: https://eycareers.ambertrack.global/earlycareers2027/CandidateLogin.aspx?LAYER1=Graduate&LAYER2=EY-Parthenon&LAYER3=Strategy+%28Public+and+Private%29&LAYER4=London&LAYER5=September+2027&cookieCheck=true","Official UK listing provides an application link. Check the selected city, eligibility and available places before applying.","A listagem oficial no Reino Unido apresenta um link de candidatura. Confirma a cidade, a elegibilidade e as vagas disponíveis antes de te candidatares."
"EY","Tax Graduate Programme","graduate","Tax","April 2027","Belfast","employer_application_link_present","","2026-10-06","candidate_addition","https://ukstudents.ey.com/page/8/?paged=8","Belfast: https://eycareers.ambertrack.global/earlycareers2027/CandidateLogin.aspx?LAYER1=Graduate&LAYER2=Tax&LAYER3=Tax&LAYER4=Belfast&LAYER5=April+2027&cookieCheck=true","Official UK listing provides an application link. Check the selected city, eligibility and available places before applying.","A listagem oficial no Reino Unido apresenta um link de candidatura. Confirma a cidade, a elegibilidade e as vagas disponíveis antes de te candidatares."
"EY","Tax Graduate Programme","graduate","Tax","September 2027","Belfast; Aberdeen; Birmingham; Bristol; Edinburgh; Glasgow; Leeds; London; Manchester; Reading","employer_application_link_present","","2026-10-06","candidate_addition","https://ukstudents.ey.com/page/8/?paged=8","Belfast: https://eycareers.ambertrack.global/earlycareers2027/CandidateLogin.aspx?LAYER1=Graduate&LAYER2=Tax&LAYER3=Tax&LAYER4=Belfast&LAYER5=September+2027&cookieCheck=true | Aberdeen: https://eycareers.ambertrack.global/earlycareers2027/CandidateLogin.aspx?LAYER1=Graduate&LAYER2=Tax&LAYER3=Tax&LAYER4=Aberdeen&LAYER5=September+2027&cookieCheck=true | Birmingham: https://eycareers.ambertrack.global/earlycareers2027/CandidateLogin.aspx?LAYER1=Graduate&LAYER2=Tax&LAYER3=Tax&LAYER4=Birmingham&LAYER5=September+2027&cookieCheck=true | Bristol: https://eycareers.ambertrack.global/earlycareers2027/CandidateLogin.aspx?LAYER1=Graduate&LAYER2=Tax&LAYER3=Tax&LAYER4=Bristol&LAYER5=September+2027&cookieCheck=true | Edinburgh: https://eycareers.ambertrack.global/earlycareers2027/CandidateLogin.aspx?LAYER1=Graduate&LAYER2=Tax&LAYER3=Tax&LAYER4=Edinburgh&LAYER5=September+2027&cookieCheck=true | Glasgow: https://eycareers.ambertrack.global/earlycareers2027/CandidateLogin.aspx?LAYER1=Graduate&LAYER2=Tax&LAYER3=Tax&LAYER4=Glasgow&LAYER5=September+2027&cookieCheck=true | Leeds: https://eycareers.ambertrack.global/earlycareers2027/CandidateLogin.aspx?LAYER1=Graduate&LAYER2=Tax&LAYER3=Tax&LAYER4=Leeds&LAYER5=September+2027&cookieCheck=true | London: https://eycareers.ambertrack.global/earlycareers2027/CandidateLogin.aspx?LAYER1=Graduate&LAYER2=Tax&LAYER3=Tax&LAYER4=London&LAYER5=September+2027&cookieCheck=true | Manchester: https://eycareers.ambertrack.global/earlycareers2027/CandidateLogin.aspx?LAYER1=Graduate&LAYER2=Tax&LAYER3=Tax&LAYER4=Manchester&LAYER5=September+2027&cookieCheck=true | Reading: https://eycareers.ambertrack.global/earlycareers2027/CandidateLogin.aspx?LAYER1=Graduate&LAYER2=Tax&LAYER3=Tax&LAYER4=Reading&LAYER5=September+2027&cookieCheck=true","Official UK listing provides an application link. Check the selected city, eligibility and available places before applying.","A listagem oficial no Reino Unido apresenta um link de candidatura. Confirma a cidade, a elegibilidade e as vagas disponíveis antes de te candidatares."
"BCG","Associate Graduate Programme","graduate","Consulting","2027","London","employer_listing_present","2026-10-18","2026-10-06","candidate_addition","https://careers.bcg.com/global/en/locations/united-kingdom/associate-jobs","London: https://careers.bcg.com/global/en/locations/united-kingdom/associate-jobs","Applications 9 September–18 October 2026; final-year students or recent graduates with under two years of full-time experience.","Candidaturas de 9 de setembro a 18 de outubro de 2026; estudantes finalistas ou recém-graduados com menos de dois anos de experiência a tempo inteiro."
"BCG","Summer Internship 2027","summer","Consulting","2027","London","upcoming","2027-01-24","2026-10-06","candidate_addition","https://careers.bcg.com/global/en/locations/united-kingdom/associate-jobs","London: https://careers.bcg.com/global/en/locations/united-kingdom/associate-jobs","Not yet open: applications 1–24 January 2027; eight weeks in July/August.","Ainda não abriu: candidaturas de 1 a 24 de janeiro de 2027; oito semanas em julho/agosto."
"Accenture","Consulting Graduate Programme 2027–2028","graduate","Consulting","2027","Edinburgh","employer_listing_present","","2026-10-06","candidate_addition","https://accenture.pinpointhq.com/postings/33a5dab2-7cc0-464b-8b5c-93c4f2aa595b","Edinburgh: https://accenture.pinpointhq.com/postings/33a5dab2-7cc0-464b-8b5c-93c4f2aa595b","Official application page present; deadline not published in the reviewed material.","Página oficial de candidatura disponível; prazo não publicado no material consultado."
"Savills","Graduate Scheme 2027","graduate","Real estate","2027","UK","recruitment_campaign_confirmed","2026-10-19","2026-10-06","candidate_addition","https://www.savills.co.uk/contact-us/careers/future-talent-careers/graduates/current-graduate-vacancies.aspx","UK: https://www.savills.co.uk/contact-us/careers/future-talent-careers/graduates/current-graduate-vacancies.aspx","Verified recruitment campaign, not a single vacancy; starts September 2027. May close early. Select the individual office and role.","Campanha de recrutamento confirmada, não uma vaga individual; início em setembro de 2027. Pode encerrar antecipadamente. Seleciona o escritório e a função."
"Turner & Townsend","Graduate Programme 2027 — Real Estate Advisory","graduate","Real estate","2027","UK","employer_listing_present","","2026-10-06","candidate_addition","https://jobs.smartrecruiters.com/TurnerTownsend/744000150032329-graduate-programme-2027-real-estate-advisory-uk-wide","UK: https://jobs.smartrecruiters.com/TurnerTownsend/744000150032329-graduate-programme-2027-real-estate-advisory-uk-wide","24-month graduate development programme; UK-wide listing. Confirm the individual location and right-to-work requirements.","Programa de desenvolvimento de graduados de 24 meses; anúncio para o Reino Unido. Confirma a localização e os requisitos de autorização de trabalho."
"Grosvenor","Graduate Internship Programme — Summer 2027","summer","Real estate","2027","London","employer_listing_present","","2026-10-06","candidate_addition","https://www.grosvenor.com/careers-4276124c1fa00ffc16d3b57e9d03acc4/careers-4276124c1fa00ffc16d3b57e9d03acc4/graduates-d2178209c9585c1c708dad3b26ab90ec","London: https://www.grosvenor.com/careers-4276124c1fa00ffc16d3b57e9d03acc4/careers-4276124c1fa00ffc16d3b57e9d03acc4/graduates-d2178209c9585c1c708dad3b26ab90ec","Opened 5 October 2026; five-week internship in summer 2027, with potential conversion to September 2028 graduate scheme. Not a separate graduate vacancy.","Abriu em 5 de outubro de 2026; estágio de cinco semanas no verão de 2027, com possível entrada no programa de graduados em setembro de 2028. Não é uma vaga separada de graduado."
"AECOM","Graduate Rail Project Manager — Summer 2027","graduate","Engineering","2027","Swindon","employer_listing_present","","2026-10-06","candidate_addition","https://jobs.smartrecruiters.com/aecom2/744000152629630","Swindon: https://jobs.smartrecruiters.com/aecom2/744000152629630","Graduate job with summer start, not a summer internship. Relevant 2:1 degree; rolling review.","Emprego para graduados com início no verão, não um estágio de verão. Licenciatura relevante com classificação 2:1; análise contínua."
"AECOM","Graduate Construction Project Manager 2027","graduate","Engineering","2027","Birmingham","employer_listing_present","","2026-10-06","candidate_addition","https://jobs.smartrecruiters.com/AECOM2/744000152205720-graduate-construction-project-manager-birmingham-2027-start-","Birmingham: https://jobs.smartrecruiters.com/AECOM2/744000152205720-graduate-construction-project-manager-birmingham-2027-start-","Relevant 2:1 degree; permanent UK work rights required, no sponsorship; rolling review.","Licenciatura relevante com classificação 2:1; exige autorização permanente para trabalhar no Reino Unido, sem patrocínio de visto; análise contínua."
"AECOM","Summer Placement Student — Bridge Structures 2027","summer","Engineering","2027","Birmingham","employer_listing_present","","2026-10-06","refine_existing_generic_portal","https://jobs.smartrecruiters.com/AECOM2/744000147503889-summer-placement-student-bridge-structures-birmingham-2027-start-","Birmingham: https://jobs.smartrecruiters.com/AECOM2/744000147503889-summer-placement-student-bridge-structures-birmingham-2027-start-","Official role details reviewed; confirm course requirements on the application page.","Detalhes oficiais da função consultados; confirma os requisitos académicos na página de candidatura."
"Arup","Graduate Civil & Structural Engineer — Energy, Maritime & Civil Infrastructure","graduate","Engineering","2027","Glasgow","employer_listing_present","2026-10-16","2026-10-06","candidate_addition","https://arupjobs.referrals.selectminds.com/jobs/graduate-civil-structural-engineer-energy-maritime-civil-infrastructure-35167","Glasgow: https://arupjobs.referrals.selectminds.com/jobs/graduate-civil-structural-engineer-energy-maritime-civil-infrastructure-35167","Starts 1 September 2027; relevant MEng/MSc; no UK visa sponsorship for this role. May close early.","Início em 1 de setembro de 2027; MEng/MSc relevante; esta função não oferece patrocínio de visto no Reino Unido. Pode encerrar antecipadamente."
"Google","Software Engineering / Site Reliability Engineering BS/MS Intern 2027","summer","Technology","2027","London","employer_listing_present","","2026-10-06","candidate_addition","https://www.google.com/about/careers/applications/jobs/results/100028133205254854-software-engineering-site-reliability-engineering-bsms-intern-2027","London: https://www.google.com/about/careers/applications/jobs/results/100028133205254854-software-engineering-site-reliability-engineering-bsms-intern-2027","Minimum 13 weeks, with May/June/July 2027 start dates.","Mínimo de 13 semanas, com início em maio/junho/julho de 2027."
"Zopa","Graduate Analyst 2027","graduate","Finance / Analytics","2027","London","employer_listing_present","2026-10-25","2026-10-06","candidate_addition","https://jobs.lever.co/zopa/962f3756-6e45-480f-984c-64e024b57c4f","London: https://jobs.lever.co/zopa/962f3756-6e45-480f-984c-64e024b57c4f","Deadline 09:00 UK time; graduating in 2025, 2026 or 2027; February or September 2027 starts.","Prazo às 09:00, hora do Reino Unido; conclusão do curso em 2025, 2026 ou 2027; início em fevereiro ou setembro de 2027."
"Marshall Wace","Software / Infrastructure Graduate 2027","graduate","Technology","2027","London","employer_listing_present","","2026-10-06","candidate_addition","https://job-boards.greenhouse.io/mw-tech-grad/jobs/8645263002","London: https://job-boards.greenhouse.io/mw-tech-grad/jobs/8645263002","Starts 6 September 2027; 18–24 month rotations; official role states visa sponsorship available.","Início em 6 de setembro de 2027; rotações de 18 a 24 meses; o anúncio oficial indica disponibilidade de patrocínio de visto."
"IMC","Graduate Deep Learning Researcher","graduate","Technology / Research","2027","London","employer_listing_present","","2026-10-06","candidate_addition","https://job-boards.greenhouse.io/imc/jobs/4914883101","London: https://job-boards.greenhouse.io/imc/jobs/4914883101","Current title is Deep Learning Researcher; graduation in 2027, MSc minimum, PhD preferred.","O título atual é Deep Learning Researcher; conclusão em 2027, mínimo de mestrado, doutoramento preferencial."
"Maven","Graduate Infrastructure Engineer 2027","graduate","Technology","2027","London","employer_listing_present","","2026-10-06","candidate_addition","https://job-boards.greenhouse.io/mavensecuritiesholdingltd/jobs/8105020","London: https://job-boards.greenhouse.io/mavensecuritiesholdingltd/jobs/8105020","Starts 6 September 2027. Employer says October 2026 deadline, exact day TBC; no day inferred.","Início em 6 de setembro de 2027. O empregador indica prazo em outubro de 2026, com dia por confirmar; não foi atribuído um dia."
"Maven","Software Developer Summer Internship 2027","summer","Technology","2027","London","employer_listing_present","2026-10-21","2026-10-06","candidate_addition","https://job-boards.greenhouse.io/mavensecuritiesholdingltd/jobs/7806987","London: https://job-boards.greenhouse.io/mavensecuritiesholdingltd/jobs/7806987","21 June–20 August 2027; penultimate-year students; one Maven programme application per cycle.","De 21 de junho a 20 de agosto de 2027; estudantes no penúltimo ano; uma candidatura a um programa Maven por ciclo."
"Maven","Trader Summer Internship 2027","summer","Finance","2027","London","employer_listing_present","","2026-10-06","candidate_addition","https://job-boards.greenhouse.io/mavensecuritiesholdingltd/jobs/7806970","London: https://job-boards.greenhouse.io/mavensecuritiesholdingltd/jobs/7806970","Official live application form reviewed; no deadline recorded in this pass.","Formulário oficial de candidatura ativo consultado; prazo não registado nesta pesquisa."
"J.P. Morgan","Engineer & Innovate Spring Insight 2027","spring","Technology","2027","Glasgow","employer_listing_present","2026-11-01","2026-10-06","candidate_addition","https://jpmc.fa.oraclecloud.com/hcmUI/CandidateExperience/en/sites/CX_1001/job/210795507","Glasgow: https://jpmc.fa.oraclecloud.com/hcmUI/CandidateExperience/en/sites/CX_1001/job/210795507","Graduation in 2029; HackerRank assessment; only one Spring Insights application. Deadline 23:55; may close when places fill.","Conclusão do curso em 2029; avaliação HackerRank; apenas uma candidatura a Spring Insights. Prazo às 23:55; pode encerrar quando as vagas forem preenchidas."
"Nomura","Discover Nomura Insight Programme 2027","spring","Finance","2027","London","programme_confirmed_deadline_unclear","","2026-10-06","candidate_addition","https://nomuracampus.tal.net/vx/lang-en-GB/mobile-0/appcentre-1/brand-4/candidate/so/pm/1/pl/1/opp/1478-2027-Discover-Nomura-Programme-Insight-Programme/en-GB","London: https://nomuracampus.tal.net/vx/lang-en-GB/mobile-0/appcentre-1/brand-4/candidate/so/pm/1/pl/1/opp/1478-2027-Discover-Nomura-Programme-Insight-Programme/en-GB","5–6 April 2027; graduation in 2029. Deadline text is inconsistent: hold the deadline for confirmation, do not publish an inferred date.","5 e 6 de abril de 2027; conclusão do curso em 2029. O texto do prazo é inconsistente: aguardar confirmação, sem publicar uma data inferida."
"Rothschild & Co","Women’s Horizon Insight Programme 2027","spring","Finance","2027","London","employer_listing_present","","2026-10-06","candidate_addition","https://rothschildandco.tal.net/vx/lang-en-GB/mobile-0/appcentre-1/brand-4/xf-cc1b81b4ca0c/candidate/so/pm/1/pl/2/opp/996-2027-UK-Global-Advisory-Women-s-Horizon-Insight-Programme-London/en-GB","London: https://rothschildandco.tal.net/vx/lang-en-GB/mobile-0/appcentre-1/brand-4/xf-cc1b81b4ca0c/candidate/so/pm/1/pl/2/opp/996-2027-UK-Global-Advisory-Women-s-Horizon-Insight-Programme-London/en-GB","Opened 29 September 2026; four-day spring insight for female university students in any year, including Masters; rolling applications.","Abriu em 29 de setembro de 2026; insight de quatro dias na primavera para estudantes universitárias de qualquer ano, incluindo mestrado; candidaturas contínuas."
"SSE","Energy Markets Graduate 2027","graduate","Finance / Energy","2027","Edinburgh","employer_index_listing_present","2026-11-01","2026-10-06","candidate_addition","https://careers.sse.com/jobs/search?query=GRAD27","Edinburgh: https://careers.sse.com/jobs/energy-markets-graduate-edinburgh-the-lothians-scotland-united-kingdom","Confirmed on the employer’s graduate search listings, including locations and closing date (23:55 GMT). Individual eligibility must be checked before applying.","Confirmado na pesquisa oficial de vagas para graduados, incluindo localidades e prazo (23:55 GMT). É necessário confirmar a elegibilidade individual antes da candidatura."
"SSE","Engineering Graduate Programme 2027","graduate","Engineering","2027","Portsmouth; Aberdeen; Oban; Reading; Aldbrough; Atwick; Medway; Glasgow; Dundee; Inverness; Perth","employer_index_listing_present","2026-11-01","2026-10-06","candidate_addition","https://careers.sse.com/jobs/search?query=GRAD27","Portsmouth; Aberdeen; Oban; Reading; Aldbrough; Atwick; Medway; Glasgow; Dundee; Inverness; Perth: https://careers.sse.com/jobs/engineering-graduate-programme-portsmouth-united-kingdom-reading-berkshire-berkshire-aberdeen-aberdeenshire-aberdeenshire-glasgow-renfrewshire-renfrewshire-inverness-highland-scotland-perth-p","Confirmed on the employer’s graduate search listings, including locations and closing date (23:55 GMT). Individual eligibility must be checked before applying.","Confirmado na pesquisa oficial de vagas para graduados, incluindo localidades e prazo (23:55 GMT). É necessário confirmar a elegibilidade individual antes da candidatura."
"SSE","Enterprise Risk & Assurance Graduate Programme 2027","graduate","Risk","2027","Glasgow; Perth","employer_index_listing_present","2026-11-01","2026-10-06","candidate_addition","https://careers.sse.com/jobs/search?query=GRAD27","Glasgow; Perth: https://careers.sse.com/jobs/integrated-assurance-graduate-programme-glasgow-renfrewshire-renfrewshire-united-kingdom-perth-perthshire-scotland","Confirmed on the employer’s graduate search listings, including locations and closing date (23:55 GMT). Individual eligibility must be checked before applying.","Confirmado na pesquisa oficial de vagas para graduados, incluindo localidades e prazo (23:55 GMT). É necessário confirmar a elegibilidade individual antes da candidatura."
"SSE","Project Management Graduate Programme 2027","graduate","Engineering / Project management","2027","Aberdeen; Glasgow; Inverness; Perth","employer_index_listing_present","2026-11-01","2026-10-06","candidate_addition","https://careers.sse.com/jobs/search?query=GRAD27","Aberdeen; Glasgow; Inverness; Perth: https://careers.sse.com/jobs/project-management-graduates-aberdeen-aberdeenshire-aberdeenshire-united-kingdom-glasgow-renfrewshire-renfrewshire-perth-perthshire-scotland","Confirmed on the employer’s graduate search listings, including locations and closing date (23:55 GMT). Individual eligibility must be checked before applying.","Confirmado na pesquisa oficial de vagas para graduados, incluindo localidades e prazo (23:55 GMT). É necessário confirmar a elegibilidade individual antes da candidatura."
"SSE","IT & OT Graduate Programme 2027","graduate","Technology","2027","Portsmouth; Reading; Havant; Glasgow; Perth","employer_index_listing_present","2026-11-01","2026-10-06","candidate_addition","https://careers.sse.com/jobs/search?query=GRAD27","Portsmouth; Reading; Havant; Glasgow; Perth: https://careers.sse.com/jobs/it-graduates-havant-hampshire-hampshire-united-kingdom-portsmouth-reading-berkshire-berkshire-glasgow-renfrewshire-renfrewshire-perth-perthshire-scotland","Confirmed on the employer’s graduate search listings, including locations and closing date (23:55 GMT). Individual eligibility must be checked before applying.","Confirmado na pesquisa oficial de vagas para graduados, incluindo localidades e prazo (23:55 GMT). É necessário confirmar a elegibilidade individual antes da candidatura."
"SSE","Finance Graduate Programme 2027","graduate","Finance","2027","Glasgow; Perth","employer_index_listing_present","2026-11-01","2026-10-06","candidate_addition","https://careers.sse.com/jobs/search?query=GRAD27","Glasgow; Perth: https://careers.sse.com/jobs/finance-graduate-glasgow-renfrewshire-renfrewshire-united-kingdom-perth-perthshire-scotland","Confirmed on the employer’s graduate search listings, including locations and closing date (23:55 GMT). Individual eligibility must be checked before applying.","Confirmado na pesquisa oficial de vagas para graduados, incluindo localidades e prazo (23:55 GMT). É necessário confirmar a elegibilidade individual antes da candidatura."
"Barclays","Operations Analyst Summer Internship Programme 2027","summer","Operations","2027","Glasgow; Knutsford; London","employer_index_listing_present","","2026-10-06","refine_existing_generic_portal","https://search.jobs.barclays/search-jobs/place/22545/1/1","Glasgow: https://search.jobs.barclays/job/glasgow/2027-operations-analyst-summer-internship-programme-glasgow/13015/101604347008 | Knutsford: https://search.jobs.barclays/job/knutsford/2027-operations-analyst-summer-internship-programme-knutsford/13015/101604346208 | London: https://search.jobs.barclays/job/london/2027-operations-analyst-summer-internship-programme-london/13015/100411086240","Programme and location confirmed on the official employer job index. A generic Barclays summer portal already exists in the tracker: use specific roles to refine it, not duplicate the umbrella entry. No closing date inferred.","Programa e localização confirmados no índice oficial de vagas. Já existe um portal genérico de estágios Barclays no tracker: usar as funções específicas para o detalhar, sem duplicar a entrada geral. Não foi inferida uma data de fecho."
"Barclays","Operations Analyst Graduate Programme 2027","graduate","Operations","2027","Glasgow; Knutsford","employer_index_listing_present","","2026-10-06","candidate_addition","https://search.jobs.barclays/search-jobs/place/22545/1/1","Glasgow: https://search.jobs.barclays/job/glasgow/2027-operations-analyst-graduate-programme-glasgow/13015/101604346976 | Knutsford: https://search.jobs.barclays/job/knutsford/2027-operations-analyst-graduate-programme-knutsford/13015/101604346800","Programme and location confirmed on the official employer job index. A generic Barclays summer portal already exists in the tracker: use specific roles to refine it, not duplicate the umbrella entry. No closing date inferred.","Programa e localização confirmados no índice oficial de vagas. Já existe um portal genérico de estágios Barclays no tracker: usar as funções específicas para o detalhar, sem duplicar a entrada geral. Não foi inferida uma data de fecho."
"Barclays","Sales, Trading & Structuring Summer Internship Programme 2027","summer","Finance","2027","London","employer_index_listing_present","","2026-10-06","refine_existing_generic_portal","https://search.jobs.barclays/search-jobs/place/22545/1/1","London: https://search.jobs.barclays/job/london/sales-trading-and-structuring-summer-internship-programme-2027-london/13015/100397233984","Programme and location confirmed on the official employer job index. A generic Barclays summer portal already exists in the tracker: use specific roles to refine it, not duplicate the umbrella entry. No closing date inferred.","Programa e localização confirmados no índice oficial de vagas. Já existe um portal genérico de estágios Barclays no tracker: usar as funções específicas para o detalhar, sem duplicar a entrada geral. Não foi inferida uma data de fecho."
"Barclays","Marketing Analyst Summer Internship Programme 2027","summer","Marketing","2027","London","employer_index_listing_present","","2026-10-06","refine_existing_generic_portal","https://search.jobs.barclays/search-jobs/place/22545/1/1","London: https://search.jobs.barclays/job/london/2027-marketing-analyst-summer-internship-programme-london/13015/100411086608","Programme and location confirmed on the official employer job index. A generic Barclays summer portal already exists in the tracker: use specific roles to refine it, not duplicate the umbrella entry. No closing date inferred.","Programa e localização confirmados no índice oficial de vagas. Já existe um portal genérico de estágios Barclays no tracker: usar as funções específicas para o detalhar, sem duplicar a entrada geral. Não foi inferida uma data de fecho."
"Barclays","Human Resources Analyst Summer Internship Programme 2027","summer","Human resources","2027","London","employer_index_listing_present","","2026-10-06","refine_existing_generic_portal","https://search.jobs.barclays/search-jobs/place/22545/1/1","London: https://search.jobs.barclays/job/london/2027-human-resources-analyst-summer-internship-programme-london/13015/100411085504","Programme and location confirmed on the official employer job index. A generic Barclays summer portal already exists in the tracker: use specific roles to refine it, not duplicate the umbrella entry. No closing date inferred.","Programa e localização confirmados no índice oficial de vagas. Já existe um portal genérico de estágios Barclays no tracker: usar as funções específicas para o detalhar, sem duplicar a entrada geral. Não foi inferida uma data de fecho."
"Barclays","Global Transaction Banking Summer Internship Programme 2027","summer","Finance","2027","London","employer_index_listing_present","","2026-10-06","refine_existing_generic_portal","https://search.jobs.barclays/search-jobs/place/22545/1/1","London: https://search.jobs.barclays/job/london/global-transaction-banking-summer-internship-programme-2027-london/13015/100032500816","Programme and location confirmed on the official employer job index. A generic Barclays summer portal already exists in the tracker: use specific roles to refine it, not duplicate the umbrella entry. No closing date inferred.","Programa e localização confirmados no índice oficial de vagas. Já existe um portal genérico de estágios Barclays no tracker: usar as funções específicas para o detalhar, sem duplicar a entrada geral. Não foi inferida uma data de fecho."
"Barclays","Sales, Trading & Structuring Graduate Programme 2027","graduate","Finance","2027","London","employer_index_listing_present","","2026-10-06","candidate_addition","https://search.jobs.barclays/search-jobs/place/22545/1/1","London: https://search.jobs.barclays/job/london/sales-trading-and-structuring-graduate-programme-2027-london/13015/100425237424","Programme and location confirmed on the official employer job index. A generic Barclays summer portal already exists in the tracker: use specific roles to refine it, not duplicate the umbrella entry. No closing date inferred.","Programa e localização confirmados no índice oficial de vagas. Já existe um portal genérico de estágios Barclays no tracker: usar as funções específicas para o detalhar, sem duplicar a entrada geral. Não foi inferida uma data de fecho."
"Barclays","Global Transaction Banking Graduate Programme 2027","graduate","Finance","2027","London","employer_index_listing_present","","2026-10-06","candidate_addition","https://search.jobs.barclays/search-jobs/place/22545/1/1","London: https://search.jobs.barclays/job/london/global-transaction-banking-graduate-programme-2027-london/13015/100032500192","Programme and location confirmed on the official employer job index. A generic Barclays summer portal already exists in the tracker: use specific roles to refine it, not duplicate the umbrella entry. No closing date inferred.","Programa e localização confirmados no índice oficial de vagas. Já existe um portal genérico de estágios Barclays no tracker: usar as funções específicas para o detalhar, sem duplicar a entrada geral. Não foi inferida uma data de fecho."
"Barclays","Technology Analyst Summer Internship Programme 2027","summer","Technology","2027","London","employer_index_listing_present","","2026-10-06","refine_existing_generic_portal","https://search.jobs.barclays/search-jobs/place/22545/1/1","London: https://search.jobs.barclays/job/london/2027-technology-analyst-summer-internship-programme-london/13015/100411086752","Programme and location confirmed on the official employer job index. A generic Barclays summer portal already exists in the tracker: use specific roles to refine it, not duplicate the umbrella entry. No closing date inferred.","Programa e localização confirmados no índice oficial de vagas. Já existe um portal genérico de estágios Barclays no tracker: usar as funções específicas para o detalhar, sem duplicar a entrada geral. Não foi inferida uma data de fecho."
"Barclays","Banking Summer Internship Programme 2027","summer","Finance","2027","London","employer_index_listing_present","","2026-10-06","refine_existing_generic_portal","https://search.jobs.barclays/search-jobs/place/22545/1/1","London: https://search.jobs.barclays/job/london/banking-summer-internship-programme-2027-london/13015/99528488160","Programme and location confirmed on the official employer job index. A generic Barclays summer portal already exists in the tracker: use specific roles to refine it, not duplicate the umbrella entry. No closing date inferred.","Programa e localização confirmados no índice oficial de vagas. Já existe um portal genérico de estágios Barclays no tracker: usar as funções específicas para o detalhar, sem duplicar a entrada geral. Não foi inferida uma data de fecho."
"Barclays","Capital Markets Summer Internship Programme 2027","summer","Finance","2027","London","employer_index_listing_present","","2026-10-06","refine_existing_generic_portal","https://search.jobs.barclays/search-jobs/place/22545/1/1","London: https://search.jobs.barclays/job/london/capital-markets-summer-internship-programme-2027-london/13015/99528488016","Programme and location confirmed on the official employer job index. A generic Barclays summer portal already exists in the tracker: use specific roles to refine it, not duplicate the umbrella entry. No closing date inferred.","Programa e localização confirmados no índice oficial de vagas. Já existe um portal genérico de estágios Barclays no tracker: usar as funções específicas para o detalhar, sem duplicar a entrada geral. Não foi inferida uma data de fecho."
"Barclays","Customer & Digital Data and Analytics Summer Internship Programme 2027","summer","Analytics","2027","London","employer_index_listing_present","","2026-10-06","refine_existing_generic_portal","https://search.jobs.barclays/search-jobs/place/22545/1/1","London: https://search.jobs.barclays/job/london/2027-customer-and-digital-data-and-analytics-summer-internship-programme-london/13015/100411086528","Programme and location confirmed on the official employer job index. A generic Barclays summer portal already exists in the tracker: use specific roles to refine it, not duplicate the umbrella entry. No closing date inferred.","Programa e localização confirmados no índice oficial de vagas. Já existe um portal genérico de estágios Barclays no tracker: usar as funções específicas para o detalhar, sem duplicar a entrada geral. Não foi inferida uma data de fecho."
"Barclays","Retail, Business & Customer Banking Summer Internship Programme 2027","summer","Finance","2027","London","employer_index_listing_present","","2026-10-06","refine_existing_generic_portal","https://search.jobs.barclays/search-jobs/place/22545/1/1","London: https://search.jobs.barclays/job/london/2027-retail-business-and-customer-banking-summer-internship-programme-london/13015/100411085952","Programme and location confirmed on the official employer job index. A generic Barclays summer portal already exists in the tracker: use specific roles to refine it, not duplicate the umbrella entry. No closing date inferred.","Programa e localização confirmados no índice oficial de vagas. Já existe um portal genérico de estágios Barclays no tracker: usar as funções específicas para o detalhar, sem duplicar a entrada geral. Não foi inferida uma data de fecho."
